ds,trend,yhat_lower,yhat_upper,trend_lower,trend_upper,additive_terms,additive_terms_lower,additive_terms_upper,weekly,weekly_lower,weekly_upper,yearly,yearly_lower,yearly_upper,multiplicative_terms,multiplicative_terms_lower,multiplicative_terms_upper,yhat,Reorder_Point,Safety_Stock
2010-02-05,49055039.869043596,43409820.94437372,52366795.08955517,49055039.869043596,49055039.869043596,-1228774.3898260081,-1228774.3898260081,-1228774.3898260081,-1934181.2011497773,-1934181.2011497773,-1934181.2011497773,705406.811323769,705406.811323769,705406.811323769,0.0,0.0,0.0,47826265.47921759,50508651.76,3395232.27
2010-02-12,49053685.45900595,44084348.08317467,53137074.886889674,49053685.45900595,49053685.45900595,-522353.6817066495,-522353.6817066495,-522353.6817066495,-1934181.2011497773,-1934181.2011497773,-1934181.2011497773,1411827.5194431278,1411827.5194431278,1411827.5194431278,0.0,0.0,0.0,48531331.7772993,50508651.76,3395232.27
2010-02-19,49052331.04896829,43023663.108385235,51367508.747183666,49052331.04896829,49052331.04896829,-1903701.2822239161,-1903701.2822239161,-1903701.2822239161,-1934181.2011497773,-1934181.2011497773,-1934181.2011497773,30479.91892586119,30479.91892586119,30479.91892586119,0.0,0.0,0.0,47148629.766744375,50508651.76,3395232.27
2010-02-26,49050976.63893065,41467549.554966144,50385939.39061943,49050976.63893065,49050976.63893065,-3118201.1800297666,-3118201.1800297666,-3118201.1800297666,-1934181.2011497768,-1934181.2011497768,-1934181.2011497768,-1184019.9788799898,-1184019.9788799898,-1184019.9788799898,0.0,0.0,0.0,45932775.458900884,50508651.76,3395232.27
2010-03-05,49049622.228893004,41298864.86436758,50129108.04214139,49049622.228893004,49049622.228893004,-3392592.2122554462,-3392592.2122554462,-3392592.2122554462,-1934181.2011497773,-1934181.2011497773,-1934181.2011497773,-1458411.011105669,-1458411.011105669,-1458411.011105669,0.0,0.0,0.0,45657030.016637556,50508651.76,3395232.27
2010-03-12,49048267.81885535,40738344.42252294,50188421.01541076,49048267.81885535,49048267.81885535,-3448846.0850713733,-3448846.0850713733,-3448846.0850713733,-1934181.2011497773,-1934181.2011497773,-1934181.2011497773,-1514664.8839215962,-1514664.8839215962,-1514664.8839215962,0.0,0.0,0.0,45599421.73378398,50508651.76,3395232.27
2010-03-19,49046913.40871862,40795425.75493639,49600987.08876888,49046913.40871862,49046913.40871862,-3797373.4456811273,-3797373.4456811273,-3797373.4456811273,-1934181.2011497773,-1934181.2011497773,-1934181.2011497773,-1863192.2445313504,-1863192.2445313504,-1863192.2445313504,0.0,0.0,0.0,45249539.9630375,50508651.76,3395232.27
2010-03-26,49045558.998581894,40772085.742788784,49613804.411844745,49045558.998581894,49045558.998581894,-3914036.990759411,-3914036.990759411,-3914036.990759411,-1934181.2011497768,-1934181.2011497768,-1934181.2011497768,-1979855.789609634,-1979855.789609634,-1979855.789609634,0.0,0.0,0.0,45131522.007822484,50508651.76,3395232.27
2010-04-02,49044204.58844517,41392567.46570551,50470925.36092417,49044204.58844517,49044204.58844517,-3226729.4571492323,-3226729.4571492323,-3226729.4571492323,-1934181.2011497773,-1934181.2011497773,-1934181.2011497773,-1292548.2559994552,-1292548.2559994552,-1292548.2559994552,0.0,0.0,0.0,45817475.13129594,50508651.76,3395232.27
2010-04-09,49042850.17830844,42502862.869501054,51145730.79449915,49042850.17830844,49042850.17830844,-2258236.547593089,-2258236.547593089,-2258236.547593089,-1934181.2011497768,-1934181.2011497768,-1934181.2011497768,-324055.3464433119,-324055.3464433119,-324055.3464433119,0.0,0.0,0.0,46784613.630715355,50508651.76,3395232.27
2010-04-16,49041495.77034426,42462930.83187496,51195914.15144725,49041495.77034426,49041495.77034426,-2177052.820496902,-2177052.820496902,-2177052.820496902,-1934181.2011497768,-1934181.2011497768,-1934181.2011497768,-242871.61934712488,-242871.61934712488,-242871.61934712488,0.0,0.0,0.0,46864442.949847355,50508651.76,3395232.27
2010-04-23,49040141.36238008,40906039.11963023,50210593.11727566,49040141.36238008,49040141.36238008,-3288445.7415398057,-3288445.7415398057,-3288445.7415398057,-1934181.2011497768,-1934181.2011497768,-1934181.2011497768,-1354264.540390029,-1354264.540390029,-1354264.540390029,0.0,0.0,0.0,45751695.620840274,50508651.76,3395232.27
2010-04-30,49038786.954415895,40145228.55387302,48982419.61891763,49038786.954415895,49038786.954415895,-4492632.595180611,-4492632.595180611,-4492632.595180611,-1934181.2011497768,-1934181.2011497768,-1934181.2011497768,-2558451.394030834,-2558451.394030834,-2558451.394030834,0.0,0.0,0.0,44546154.35923529,50508651.76,3395232.27
2010-05-07,49037432.54645172,40008463.92243187,48900929.324705735,49037432.54645172,49037432.54645172,-4494313.613705285,-4494313.613705285,-4494313.613705285,-1934181.2011497768,-1934181.2011497768,-1934181.2011497768,-2560132.412555508,-2560132.412555508,-2560132.412555508,0.0,0.0,0.0,44543118.93274643,50508651.76,3395232.27
2010-05-14,49036078.13848753,41336988.11632447,50036574.419865,49036078.13848753,49036078.13848753,-3273402.2501115324,-3273402.2501115324,-3273402.2501115324,-1934181.2011497773,-1934181.2011497773,-1934181.2011497773,-1339221.0489617551,-1339221.0489617551,-1339221.0489617551,0.0,0.0,0.0,45762675.888376,50508651.76,3395232.27
2010-05-21,49034723.72981993,42523850.118807435,51565752.47438447,49034723.72981993,49034723.72981993,-2006122.0685164225,-2006122.0685164225,-2006122.0685164225,-1934181.2011497768,-1934181.2011497768,-1934181.2011497768,-71940.86736664541,-71940.86736664541,-71940.86736664541,0.0,0.0,0.0,47028601.661303505,50508651.76,3395232.27
2010-05-28,49033369.32115233,43020395.85023362,52006098.23286518,49033369.32115233,49033369.32115233,-1616777.6650676308,-1616777.6650676308,-1616777.6650676308,-1934181.2011497768,-1934181.2011497768,-1934181.2011497768,317403.5360821461,317403.5360821461,317403.5360821461,0.0,0.0,0.0,47416591.6560847,50508651.76,3395232.27
2010-06-04,49032014.91248473,42889895.99115762,51628125.14039046,49032014.91248473,49032014.91248473,-1818200.423829768,-1818200.423829768,-1818200.423829768,-1934181.2011497773,-1934181.2011497773,-1934181.2011497773,115980.77732000938,115980.77732000938,115980.77732000938,0.0,0.0,0.0,47213814.488654956,50508651.76,3395232.27
2010-06-11,49030660.503817126,42792073.47032442,51956210.75143334,49030660.503817126,49030660.503817126,-1749939.9549214293,-1749939.9549214293,-1749939.9549214293,-1934181.2011497768,-1934181.2011497768,-1934181.2011497768,184241.2462283479,184241.2462283479,184241.2462283479,0.0,0.0,0.0,47280720.548895694,50508651.76,3395232.27
2010-06-18,49029306.08664414,43628413.71554843,52458739.88941324,49029306.08664414,49029306.08664414,-1234443.874082321,-1234443.874082321,-1234443.874082321,-1934181.2011497768,-1934181.2011497768,-1934181.2011497768,699737.3270674559,699737.3270674559,699737.3270674559,0.0,0.0,0.0,47794862.21256182,50508651.76,3395232.27
2010-06-25,49027951.66947117,43970935.43445021,52729466.23716935,49027951.66947117,49027951.66947117,-982860.9177900202,-982860.9177900202,-982860.9177900202,-1934181.2011497768,-1934181.2011497768,-1934181.2011497768,951320.2833597567,951320.2833597567,951320.2833597567,0.0,0.0,0.0,48045090.75168115,50508651.76,3395232.27
2010-07-02,49026597.252298184,43325619.537590094,51580524.96508117,49026597.252298184,49026597.252298184,-1579616.841572168,-1579616.841572168,-1579616.841572168,-1934181.2011497773,-1934181.2011497773,-1934181.2011497773,354564.35957760934,354564.35957760934,354564.35957760934,0.0,0.0,0.0,47446980.41072602,50508651.76,3395232.27
2010-07-09,49025242.83512521,42055277.68202976,50412961.839347005,49025242.83512521,49025242.83512521,-2676399.084768425,-2676399.084768425,-2676399.084768425,-1934181.2011497768,-1934181.2011497768,-1934181.2011497768,-742217.8836186485,-742217.8836186485,-742217.8836186485,0.0,0.0,0.0,46348843.750356786,50508651.76,3395232.27
2010-07-16,49023888.417952225,41092991.39643031,50150478.62323865,49023888.417952225,49023888.417952225,-3438161.5723272874,-3438161.5723272874,-3438161.5723272874,-1934181.2011497773,-1934181.2011497773,-1934181.2011497773,-1503980.3711775101,-1503980.3711775101,-1503980.3711775101,0.0,0.0,0.0,45585726.84562494,50508651.76,3395232.27
2010-07-23,49022534.01149497,41245096.17250518,49710399.50426069,49022534.01149497,49022534.01149497,-3547114.9716966455,-3547114.9716966455,-3547114.9716966455,-1934181.2011497768,-1934181.2011497768,-1934181.2011497768,-1612933.7705468684,-1612933.7705468684,-1612933.7705468684,0.0,0.0,0.0,45475419.03979833,50508651.76,3395232.27
2010-07-30,49021179.60503771,41472783.28410103,50222912.18533989,49021179.60503771,49021179.60503771,-3386624.720702772,-3386624.720702772,-3386624.720702772,-1934181.2011497773,-1934181.2011497773,-1934181.2011497773,-1452443.5195529948,-1452443.5195529948,-1452443.5195529948,0.0,0.0,0.0,45634554.88433494,50508651.76,3395232.27
2010-08-06,49019825.19858045,41445230.94184188,50444282.85572086,49019825.19858045,49019825.19858045,-3270396.5581550715,-3270396.5581550715,-3270396.5581550715,-1934181.2011497773,-1934181.2011497773,-1934181.2011497773,-1336215.3570052946,-1336215.3570052946,-1336215.3570052946,0.0,0.0,0.0,45749428.64042538,50508651.76,3395232.27
2010-08-13,49018470.79212319,41991301.21906008,50418675.971098214,49018470.79212319,49018470.79212319,-2955893.953207617,-2955893.953207617,-2955893.953207617,-1934181.2011497768,-1934181.2011497768,-1934181.2011497768,-1021712.7520578401,-1021712.7520578401,-1021712.7520578401,0.0,0.0,0.0,46062576.83891557,50508651.76,3395232.27
2010-08-20,49017116.65440097,42425231.079859,51334680.64342142,49017116.65440097,49017116.65440097,-2227644.9520398895,-2227644.9520398895,-2227644.9520398895,-1934181.2011497768,-1934181.2011497768,-1934181.2011497768,-293463.7508901126,-293463.7508901126,-293463.7508901126,0.0,0.0,0.0,46789471.70236108,50508651.76,3395232.27
2010-08-27,49015762.51667875,43325090.14894278,51671040.295332745,49015762.51667875,49015762.51667875,-1675309.8767749898,-1675309.8767749898,-1675309.8767749898,-1934181.2011497768,-1934181.2011497768,-1934181.2011497768,258871.32437478693,258871.32437478693,258871.32437478693,0.0,0.0,0.0,47340452.63990376,50508651.76,3395232.27
2010-09-03,49014408.378956534,42487394.030507624,50852825.781940654,49014408.378956534,49014408.378956534,-2315706.222647699,-2315706.222647699,-2315706.222647699,-1934181.2011497768,-1934181.2011497768,-1934181.2011497768,-381525.0214979226,-381525.0214979226,-381525.0214979226,0.0,0.0,0.0,46698702.15630884,50508651.76,3395232.27
2010-09-10,49013054.24123432,40019509.755756095,48892263.575599685,49013054.24123432,49013054.24123432,-4258902.255984901,-4258902.255984901,-4258902.255984901,-1934181.2011497773,-1934181.2011497773,-1934181.2011497773,-2324721.054835124,-2324721.054835124,-2324721.054835124,0.0,0.0,0.0,44754151.985249415,50508651.76,3395232.27
2010-09-17,49011700.10351211,38296345.522157185,47340446.58311107,49011700.10351211,49011700.10351211,-6163075.542659611,-6163075.542659611,-6163075.542659611,-1934181.2011497768,-1934181.2011497768,-1934181.2011497768,-4228894.341509834,-4228894.341509834,-4228894.341509834,0.0,0.0,0.0,42848624.5608525,50508651.76,3395232.27
2010-09-24,49010488.2170013,37865441.87671684,46891993.71850118,49010488.2170013,49010488.2170013,-6490953.038839062,-6490953.038839062,-6490953.038839062,-1934181.2011497768,-1934181.2011497768,-1934181.2011497768,-4556771.837689286,-4556771.837689286,-4556771.837689286,0.0,0.0,0.0,42519535.17816223,50508651.76,3395232.27
2010-10-01,49009276.330490485,39218925.11072522,48344639.0671478,49009276.330490485,49009276.330490485,-5260829.734663448,-5260829.734663448,-5260829.734663448,-1934181.2011497768,-1934181.2011497768,-1934181.2011497768,-3326648.5335136717,-3326648.5335136717,-3326648.5335136717,0.0,0.0,0.0,43748446.595827036,50508651.76,3395232.27
2010-10-08,49008064.44397967,40489066.98235689,49476661.3381999,49008064.44397967,49008064.44397967,-4088684.9583004075,-4088684.9583004075,-4088684.9583004075,-1934181.2011497768,-1934181.2011497768,-1934181.2011497768,-2154503.757150631,-2154503.757150631,-2154503.757150631,0.0,0.0,0.0,44919379.48567927,50508651.76,3395232.27
2010-10-15,49006852.55746886,40445748.423443496,48976179.29058617,49006852.55746886,49006852.55746886,-4268139.9762506215,-4268139.9762506215,-4268139.9762506215,-1934181.2011497768,-1934181.2011497768,-1934181.2011497768,-2333958.775100845,-2333958.775100845,-2333958.775100845,0.0,0.0,0.0,44738712.58121824,50508651.76,3395232.27
2010-10-22,49005719.1732913,39295664.59203269,48121058.9693254,49005719.1732913,49005719.1732913,-5150661.635313536,-5150661.635313536,-5150661.635313536,-1934181.2011497773,-1934181.2011497773,-1934181.2011497773,-3216480.434163759,-3216480.434163759,-3216480.434163759,0.0,0.0,0.0,43855057.53797777,50508651.76,3395232.27
2010-10-29,49004585.78911375,39599713.97368493,48675401.49749435,49004585.78911375,49004585.78911375,-4888518.644250314,-4888518.644250314,-4888518.644250314,-1934181.2011497768,-1934181.2011497768,-1934181.2011497768,-2954337.443100537,-2954337.443100537,-2954337.443100537,0.0,0.0,0.0,44116067.14486344,50508651.76,3395232.27
2010-11-05,49003452.404936194,42055200.79528267,50681527.786505505,49003452.404936194,49003452.404936194,-2701043.0557676153,-2701043.0557676153,-2701043.0557676153,-1934181.2011497773,-1934181.2011497773,-1934181.2011497773,-766861.8546178384,-766861.8546178384,-766861.8546178384,0.0,0.0,0.0,46302409.34916858,50508651.76,3395232.27
2010-11-12,49002319.02075863,44750359.62117574,53771908.018573046,49002319.02075863,49002319.02075863,195266.8353977616,195266.8353977616,195266.8353977616,-1934181.2011497768,-1934181.2011497768,-1934181.2011497768,2129448.0365475384,2129448.0365475384,2129448.0365475384,0.0,0.0,0.0,49197585.856156394,50508651.76,3395232.27
2010-11-19,49001185.63658108,47069923.880575076,55731983.43237405,49001185.63658108,49001185.63658108,2266274.4109570812,2266274.4109570812,2266274.4109570812,-1934181.2011497773,-1934181.2011497773,-1934181.2011497773,4200455.612106859,4200455.612106859,4200455.612106859,0.0,0.0,0.0,51267460.04753816,50508651.76,3395232.27
2010-11-26,49001827.22083251,48566938.12319331,57155181.86799078,49001827.22083251,49001827.22083251,3822620.5571137513,3822620.5571137513,3822620.5571137513,-1934181.2011497768,-1934181.2011497768,-1934181.2011497768,5756801.758263528,5756801.758263528,5756801.758263528,0.0,0.0,0.0,52824447.77794626,50508651.76,3395232.27
2010-12-03,49002468.80508395,51041167.68909509,59891187.10739223,49002468.80508395,49002468.80508395,6655645.105682934,6655645.105682934,6655645.105682934,-1934181.2011497773,-1934181.2011497773,-1934181.2011497773,8589826.306832712,8589826.306832712,8589826.306832712,0.0,0.0,0.0,55658113.910766885,50508651.76,3395232.27
2010-12-10,49003110.38933539,55580467.46471116,64667650.96450709,49003110.38933539,49003110.38933539,11196597.54540556,11196597.54540556,11196597.54540556,-1934181.2011497773,-1934181.2011497773,-1934181.2011497773,13130778.746555336,13130778.746555336,13130778.746555336,0.0,0.0,0.0,60199707.934740946,50508651.76,3395232.27
2010-12-17,49003751.97358682,59198235.49073387,68007315.2631475,49003751.97358682,49003751.97358682,14663373.661310397,14663373.661310397,14663373.661310397,-1934181.2011497768,-1934181.2011497768,-1934181.2011497768,16597554.862460174,16597554.862460174,16597554.862460174,0.0,0.0,0.0,63667125.63489722,50508651.76,3395232.27
2010-12-24,49006050.01873735,57938088.88641751,66299840.56943107,49006050.01873735,49006050.01873735,13021950.983349463,13021950.983349463,13021950.983349463,-1934181.2011497773,-1934181.2011497773,-1934181.2011497773,14956132.18449924,14956132.18449924,14956132.18449924,0.0,0.0,0.0,62028001.00208682,50508651.76,3395232.27
2010-12-31,49008348.06388789,49879019.17170465,58516900.0356168,49008348.06388789,49008348.06388789,5229213.584013528,5229213.584013528,5229213.584013528,-1934181.2011497773,-1934181.2011497773,-1934181.2011497773,7163394.785163307,7163394.785163307,7163394.785163307,0.0,0.0,0.0,54237561.647901416,50508651.76,3395232.27
2011-01-07,49010646.10903842,39488655.806152984,48686888.233343326,49010646.10903842,49010646.10903842,-4829037.698993805,-4829037.698993805,-4829037.698993805,-1934181.2011497773,-1934181.2011497773,-1934181.2011497773,-2894856.4978440274,-2894856.4978440274,-2894856.4978440274,0.0,0.0,0.0,44181608.41004462,50508651.76,3395232.27
2011-01-14,49012944.15418895,33071866.463609967,42226020.06669777,49012944.15418895,49012944.15418895,-11202950.62506935,-11202950.62506935,-11202950.62506935,-1934181.201149777,-1934181.201149777,-1934181.201149777,-9268769.423919575,-9268769.423919575,-9268769.423919575,0.0,0.0,0.0,37809993.5291196,50508651.76,3395232.27
2011-01-21,49015242.19933948,33621671.57588968,42439060.43466326,49015242.19933948,49015242.19933948,-10919231.18029997,-10919231.18029997,-10919231.18029997,-1934181.2011497773,-1934181.2011497773,-1934181.2011497773,-8985049.979150193,-8985049.979150193,-8985049.979150193,0.0,0.0,0.0,38096011.01903951,50508651.76,3395232.27
2011-01-28,49020407.576151974,38445455.9198667,47375253.071731746,49020407.576151974,49020407.576151974,-6175127.79879908,-6175127.79879908,-6175127.79879908,-1934181.2011497768,-1934181.2011497768,-1934181.2011497768,-4240946.597649304,-4240946.597649304,-4240946.597649304,0.0,0.0,0.0,42845279.77735289,50508651.76,3395232.27
2011-02-04,49025572.95296447,42744022.946170054,51455708.75465345,49025572.95296447,49025572.95296447,-1714980.3855096481,-1714980.3855096481,-1714980.3855096481,-1934181.2011497773,-1934181.2011497773,-1934181.2011497773,219200.81564012932,219200.81564012932,219200.81564012932,0.0,0.0,0.0,47310592.56745482,50508651.76,3395232.27
2011-02-11,49030738.32977697,44328310.51723336,53270148.51837695,49030738.32977697,49030738.32977697,-427834.5214855683,-427834.5214855683,-427834.5214855683,-1934181.2011497768,-1934181.2011497768,-1934181.2011497768,1506346.6796642086,1506346.6796642086,1506346.6796642086,0.0,0.0,0.0,48602903.808291405,50508651.76,3395232.27
2011-02-18,49035903.70658946,43269206.66994329,52255346.94201508,49035903.70658946,49035903.70658946,-1614635.2844114117,-1614635.2844114117,-1614635.2844114117,-1934181.2011497768,-1934181.2011497768,-1934181.2011497768,319545.91673836514,319545.91673836514,319545.91673836514,0.0,0.0,0.0,47421268.422178045,50508651.76,3395232.27
2011-02-25,49044466.253663905,41946418.1646815,50451837.61994453,49044466.253663905,49044466.253663905,-2975172.679250438,-2975172.679250438,-2975172.679250438,-1934181.2011497768,-1934181.2011497768,-1934181.2011497768,-1040991.4781006613,-1040991.4781006613,-1040991.4781006613,0.0,0.0,0.0,46069293.57441346,50508651.76,3395232.27
2011-03-04,49053028.80073835,41399605.87138431,49817004.97752564,49053028.80073835,49053028.80073835,-3388033.785983483,-3388033.785983483,-3388033.785983483,-1934181.2011497768,-1934181.2011497768,-1934181.2011497768,-1453852.584833706,-1453852.584833706,-1453852.584833706,0.0,0.0,0.0,45664995.01475487,50508651.76,3395232.27
2011-03-11,49061591.3478128,41115698.3512979,50248744.86287337,49061591.3478128,49061591.3478128,-3417645.460832185,-3417645.460832185,-3417645.460832185,-1934181.2011497768,-1934181.2011497768,-1934181.2011497768,-1483464.2596824083,-1483464.2596824083,-1483464.2596824083,0.0,0.0,0.0,45643945.886980616,50508651.76,3395232.27
2011-03-18,49070153.894887246,40898402.04002789,49688481.86950337,49070153.894887246,49070153.894887246,-3727330.2676598043,-3727330.2676598043,-3727330.2676598043,-1934181.2011497768,-1934181.2011497768,-1934181.2011497768,-1793149.0665100273,-1793149.0665100273,-1793149.0665100273,0.0,0.0,0.0,45342823.62722744,50508651.76,3395232.27
2011-03-25,49078716.44196169,40520769.55156796,49555572.28644194,49078716.44196169,49078716.44196169,-3946680.9689620016,-3946680.9689620016,-3946680.9689620016,-1934181.2011497768,-1934181.2011497768,-1934181.2011497768,-2012499.7678122248,-2012499.7678122248,-2012499.7678122248,0.0,0.0,0.0,45132035.47299969,50508651.76,3395232.27
2011-04-01,49090366.84740683,41588430.36429265,50093636.92214441,49090366.84740683,49090366.84740683,-3401240.719059417,-3401240.719059417,-3401240.719059417,-1934181.2011497768,-1934181.2011497768,-1934181.2011497768,-1467059.5179096404,-1467059.5179096404,-1467059.5179096404,0.0,0.0,0.0,45689126.12834741,50508651.76,3395232.27
2011-04-08,49102017.25285195,42132360.71870176,51362923.47973601,49102017.25285195,49102017.25285195,-2396959.7639297107,-2396959.7639297107,-2396959.7639297107,-1934181.2011497773,-1934181.2011497773,-1934181.2011497773,-462778.5627799334,-462778.5627799334,-462778.5627799334,0.0,0.0,0.0,46705057.48892224,50508651.76,3395232.27
2011-04-15,49113667.65829708,42147607.69825367,51280498.74118784,49113667.65829708,49113667.65829708,-2092297.1917946718,-2092297.1917946718,-2092297.1917946718,-1934181.2011497773,-1934181.2011497773,-1934181.2011497773,-158115.99064489483,-158115.99064489483,-158115.99064489483,0.0,0.0,0.0,47021370.466502406,50508651.76,3395232.27
2011-04-22,49125318.0637422,41787407.77747214,50333762.394678526,49125318.0637422,49125318.0637422,-3038478.0396693517,-3038478.0396693517,-3038478.0396693517,-1934181.2011497768,-1934181.2011497768,-1934181.2011497768,-1104296.838519575,-1104296.838519575,-1104296.838519575,0.0,0.0,0.0,46086840.02407285,50508651.76,3395232.27
2011-04-29,49137502.04203122,40756384.4428524,49235933.198342584,49137502.04203122,49137502.04203122,-4339517.896279564,-4339517.896279564,-4339517.896279564,-1934181.2011497768,-1934181.2011497768,-1934181.2011497768,-2405336.695129787,-2405336.695129787,-2405336.695129787,0.0,0.0,0.0,44797984.145751655,50508651.76,3395232.27
2011-05-06,49149686.02032025,39971355.191956736,49089918.516926184,49149686.02032025,49149686.02032025,-4604651.64969775,-4604651.64969775,-4604651.64969775,-1934181.2011497773,-1934181.2011497773,-1934181.2011497773,-2670470.448547973,-2670470.448547973,-2670470.448547973,0.0,0.0,0.0,44545034.3706225,50508651.76,3395232.27
2011-05-13,49161869.998609275,41453356.14399934,49730290.658634424,49161869.998609275,49161869.998609275,-3534934.9351844997,-3534934.9351844997,-3534934.9351844997,-1934181.2011497768,-1934181.2011497768,-1934181.2011497768,-1600753.7340347224,-1600753.7340347224,-1600753.7340347224,0.0,0.0,0.0,45626935.06342477,50508651.76,3395232.27
2011-05-20,49174053.9768983,42336907.943407744,51202712.150329955,49174053.9768983,49174053.9768983,-2180089.052305733,-2180089.052305733,-2180089.052305733,-1934181.2011497773,-1934181.2011497773,-1934181.2011497773,-245907.85115595566,-245907.85115595566,-245907.85115595566,0.0,0.0,0.0,46993964.92459256,50508651.76,3395232.27
2011-05-27,49186237.95518732,42917775.21573777,52087824.732029535,49186237.95518732,49186237.95518732,-1619577.5181073342,-1619577.5181073342,-1619577.5181073342,-1934181.2011497773,-1934181.2011497773,-1934181.2011497773,314603.6830424429,314603.6830424429,314603.6830424429,0.0,0.0,0.0,47566660.43707999,50508651.76,3395232.27
2011-06-03,49198707.20018809,42836382.11776228,51919992.908042714,49198707.20018809,49198707.20018809,-1780208.8450544248,-1780208.8450544248,-1780208.8450544248,-1934181.201149777,-1934181.201149777,-1934181.201149777,153972.35609535233,153972.35609535233,153972.35609535233,0.0,0.0,0.0,47418498.35513367,50508651.76,3395232.27
2011-06-10,49211176.44518886,42882457.08358376,51879624.77565268,49211176.44518886,49211176.44518886,-1804671.4577945638,-1804671.4577945638,-1804671.4577945638,-1934181.2011497773,-1934181.2011497773,-1934181.2011497773,129509.7433552134,129509.7433552134,129509.7433552134,0.0,0.0,0.0,47406504.987394296,50508651.76,3395232.27
2011-06-17,49223645.69018963,43304945.440856665,52268868.151582174,49223645.69018963,49223645.69018963,-1333386.821907358,-1333386.821907358,-1333386.821907358,-1934181.2011497768,-1934181.2011497768,-1934181.2011497768,600794.3792424189,600794.3792424189,600794.3792424189,0.0,0.0,0.0,47890258.86828227,50508651.76,3395232.27
2011-06-24,49236114.935190395,43988409.81322819,52726257.32571395,49236114.935190395,49236114.935190395,-971735.5341233796,-971735.5341233796,-971735.5341233796,-1934181.2011497768,-1934181.2011497768,-1934181.2011497768,962445.6670263973,962445.6670263973,962445.6670263973,0.0,0.0,0.0,48264379.40106702,50508651.76,3395232.27
2011-07-01,49248827.09013569,43429296.99234967,51997780.361404724,49248827.09013569,49248827.09013569,-1414076.045123474,-1414076.045123474,-1414076.045123474,-1934181.2011497773,-1934181.2011497773,-1934181.2011497773,520105.1560263032,520105.1560263032,520105.1560263032,0.0,0.0,0.0,47834751.04501222,50508651.76,3395232.27
2011-07-08,49261539.245080985,42271016.91918115,51128896.67960824,49261539.245080985,49261539.245080985,-2482932.845827941,-2482932.845827941,-2482932.845827941,-1934181.2011497768,-1934181.2011497768,-1934181.2011497768,-548751.644678164,-548751.644678164,-548751.644678164,0.0,0.0,0.0,46778606.39925304,50508651.76,3395232.27
2011-07-15,49274251.40002628,41460599.48153078,50193031.214450166,49274251.40002628,49274251.40002628,-3352530.5251012137,-3352530.5251012137,-3352530.5251012137,-1934181.2011497768,-1934181.2011497768,-1934181.2011497768,-1418349.323951437,-1418349.323951437,-1418349.323951437,0.0,0.0,0.0,45921720.87492506,50508651.76,3395232.27
2011-07-22,49286963.554971576,41766511.1003931,50158404.42190759,49286963.554971576,49286963.554971576,-3563054.121934962,-3563054.121934962,-3563054.121934962,-1934181.2011497768,-1934181.2011497768,-1934181.2011497768,-1628872.9207851852,-1628872.9207851852,-1628872.9207851852,0.0,0.0,0.0,45723909.43303661,50508651.76,3395232.27
2011-07-29,49299675.709916875,41500058.89338523,50558651.46427653,49299675.709916875,49299675.709916875,-3413706.1633239803,-3413706.1633239803,-3413706.1633239803,-1934181.2011497768,-1934181.2011497768,-1934181.2011497768,-1479524.9621742035,-1479524.9621742035,-1479524.9621742035,0.0,0.0,0.0,45885969.54659289,50508651.76,3395232.27
2011-08-05,49312534.512587234,41722991.91984363,50378806.65174251,49312534.512587234,49312534.512587234,-3293230.5097793597,-3293230.5097793597,-3293230.5097793597,-1934181.2011497768,-1934181.2011497768,-1934181.2011497768,-1359049.3086295826,-1359049.3086295826,-1359049.3086295826,0.0,0.0,0.0,46019304.00280788,50508651.76,3395232.27
2011-08-12,49325393.31525759,42274968.59555495,50819462.18060091,49325393.31525759,49325393.31525759,-3044240.6818436896,-3044240.6818436896,-3044240.6818436896,-1934181.2011497768,-1934181.2011497768,-1934181.2011497768,-1110059.4806939126,-1110059.4806939126,-1110059.4806939126,0.0,0.0,0.0,46281152.633413896,50508651.76,3395232.27
2011-08-19,49338252.11792796,42716293.508754745,51336820.36474091,49338252.11792796,49338252.11792796,-2373667.042776625,-2373667.042776625,-2373667.042776625,-1934181.2011497768,-1934181.2011497768,-1934181.2011497768,-439485.84162684827,-439485.84162684827,-439485.84162684827,0.0,0.0,0.0,46964585.07515134,50508651.76,3395232.27
2011-08-26,49351110.92059833,43416926.31086665,51797694.68147593,49351110.92059833,49351110.92059833,-1711835.185570787,-1711835.185570787,-1711835.185570787,-1934181.2011497768,-1934181.2011497768,-1934181.2011497768,222346.01557899002,222346.01557899002,222346.01557899002,0.0,0.0,0.0,47639275.735027544,50508651.76,3395232.27
2011-09-02,49363969.72149045,43311117.87017376,51586754.16840478,49363969.72149045,49363969.72149045,-2088160.47478754,-2088160.47478754,-2088160.47478754,-1934181.2011497768,-1934181.2011497768,-1934181.2011497768,-153979.2736377631,-153979.2736377631,-153979.2736377631,0.0,0.0,0.0,47275809.24670291,50508651.76,3395232.27
2011-09-09,49376828.52238257,40904967.71811789,49870333.23209397,49376828.52238257,49376828.52238257,-3862111.268088808,-3862111.268088808,-3862111.268088808,-1934181.2011497773,-1934181.2011497773,-1934181.2011497773,-1927930.0669390305,-1927930.0669390305,-1927930.0669390305,0.0,0.0,0.0,45514717.25429376,50508651.76,3395232.27
2011-09-16,49389687.323274694,39144323.009977505,48082313.38356429,49389687.323274694,49389687.323274694,-5907113.556428147,-5907113.556428147,-5907113.556428147,-1934181.2011497768,-1934181.2011497768,-1934181.2011497768,-3972932.3552783695,-3972932.3552783695,-3972932.3552783695,0.0,0.0,0.0,43482573.766846545,50508651.76,3395232.27
2011-09-23,49402546.12416681,38181404.87257922,47204664.733469,49402546.12416681,49402546.12416681,-6574713.795752511,-6574713.795752511,-6574713.795752511,-1934181.2011497773,-1934181.2011497773,-1934181.2011497773,-4640532.594602734,-4640532.594602734,-4640532.594602734,0.0,0.0,0.0,42827832.3284143,50508651.76,3395232.27
2011-09-30,49415404.92505894,39431030.38087058,48445920.13045252,49415404.92505894,49415404.92505894,-5532419.896676521,-5532419.896676521,-5532419.896676521,-1934181.2011497768,-1934181.2011497768,-1934181.2011497768,-3598238.695526744,-3598238.695526744,-3598238.695526744,0.0,0.0,0.0,43882985.02838242,50508651.76,3395232.27
2011-10-07,49428263.72778612,40833300.497992344,49786947.370047554,49428263.72778612,49428263.72778612,-4214786.848843628,-4214786.848843628,-4214786.848843628,-1934181.2011497768,-1934181.2011497768,-1934181.2011497768,-2280605.647693851,-2280605.647693851,-2280605.647693851,0.0,0.0,0.0,45213476.87894249,50508651.76,3395232.27
2011-10-14,49441122.5305133,40741459.952185884,49660616.37412754,49441122.5305133,49441122.5305133,-4138747.941546363,-4138747.941546363,-4138747.941546363,-1934181.201149777,-1934181.201149777,-1934181.201149777,-2204566.7403965853,-2204566.7403965853,-2204566.7403965853,0.0,0.0,0.0,45302374.588966936,50508651.76,3395232.27
2011-10-21,49453981.33324048,40184073.322365284,49177295.930212975,49453981.33324048,49453981.33324048,-5024799.169765373,-5024799.169765373,-5024799.169765373,-1934181.2011497768,-1934181.2011497768,-1934181.2011497768,-3090617.9686155957,-3090617.9686155957,-3090617.9686155957,0.0,0.0,0.0,44429182.1634751,50508651.76,3395232.27
2011-10-28,49466840.13596766,40001686.4946418,48647413.892330304,49466840.13596766,49466840.13596766,-5082449.052296314,-5082449.052296314,-5082449.052296314,-1934181.2011497773,-1934181.2011497773,-1934181.2011497773,-3148267.8511465373,-3148267.8511465373,-3148267.8511465373,0.0,0.0,0.0,44384391.08367135,50508651.76,3395232.27
2011-11-04,49479698.95059255,41802062.62384025,50830080.597524986,49479698.95059255,49479698.95059255,-3198082.801705801,-3198082.801705801,-3198082.801705801,-1934181.2011497773,-1934181.2011497773,-1934181.2011497773,-1263901.6005560241,-1263901.6005560241,-1263901.6005560241,0.0,0.0,0.0,46281616.14888675,50508651.76,3395232.27
2011-11-11,49492557.765217446,44504830.0297753,53629316.487100996,49492557.765217446,49492557.765217446,-289721.8761709208,-289721.8761709208,-289721.8761709208,-1934181.2011497773,-1934181.2011497773,-1934181.2011497773,1644459.3249788564,1644459.3249788564,1644459.3249788564,0.0,0.0,0.0,49202835.88904653,50508651.76,3395232.27
2011-11-18,49505416.579842344,46754922.03941283,56260832.36782679,49505416.579842344,49505416.579842344,1973998.9772101447,1973998.9772101447,1973998.9772101447,-1934181.2011497773,-1934181.2011497773,-1934181.2011497773,3908180.178359922,3908180.178359922,3908180.178359922,0.0,0.0,0.0,51479415.557052486,50508651.76,3395232.27
2011-11-25,49518275.39446724,48315932.24108151,57529536.16942027,49518275.39446724,49518275.39446724,3503736.583802975,3503736.583802975,3503736.583802975,-1934181.2011497773,-1934181.2011497773,-1934181.2011497773,5437917.784952752,5437917.784952752,5437917.784952752,0.0,0.0,0.0,53022011.97827022,50508651.76,3395232.27
2011-12-02,49531134.20909213,50988905.39730693,59960285.39180109,49531134.20909213,49531134.20909213,5996513.48357523,5996513.48357523,5996513.48357523,-1934181.2011497768,-1934181.2011497768,-1934181.2011497768,7930694.684725008,7930694.684725008,7930694.684725008,0.0,0.0,0.0,55527647.692667365,50508651.76,3395232.27
2011-12-09,49543993.025534645,55401477.03214187,64142487.750819765,49543993.025534645,49543993.025534645,10345764.340607984,10345764.340607984,10345764.340607984,-1934181.2011497773,-1934181.2011497773,-1934181.2011497773,12279945.54175776,12279945.54175776,12279945.54175776,0.0,0.0,0.0,59889757.36614263,50508651.76,3395232.27
2011-12-16,49556851.84197715,59402332.78775039,68068491.48657924,49556851.84197715,49556851.84197715,14317992.913152935,14317992.913152935,14317992.913152935,-1934181.2011497768,-1934181.2011497768,-1934181.2011497768,16252174.114302712,16252174.114302712,16252174.114302712,0.0,0.0,0.0,63874844.75513008,50508651.76,3395232.27
2011-12-23,49569710.65841966,59168339.73738795,67900082.30623631,49569710.65841966,49569710.65841966,13802489.734621054,13802489.734621054,13802489.734621054,-1934181.2011497768,-1934181.2011497768,-1934181.2011497768,15736670.93577083,15736670.93577083,15736670.93577083,0.0,0.0,0.0,63372200.39304072,50508651.76,3395232.27
2011-12-30,49582569.474862166,52069311.61890318,60816163.25777041,49582569.474862166,49582569.474862166,6954283.411844354,6954283.411844354,6954283.411844354,-1934181.2011497768,-1934181.2011497768,-1934181.2011497768,8888464.61299413,8888464.61299413,8888464.61299413,0.0,0.0,0.0,56536852.886706516,50508651.76,3395232.27
2012-01-06,49595428.288609125,42347099.76316864,51050957.559808396,49595428.288609125,49595428.288609125,-3143871.425571997,-3143871.425571997,-3143871.425571997,-1934181.2011497768,-1934181.2011497768,-1934181.2011497768,-1209690.2244222204,-1209690.2244222204,-1209690.2244222204,0.0,0.0,0.0,46451556.863037124,50508651.76,3395232.27
2012-01-13,49608287.10235607,34594379.55022012,43366442.43301548,49608287.10235607,49608287.10235607,-10536415.87327143,-10536415.87327143,-10536415.87327143,-1934181.2011497768,-1934181.2011497768,-1934181.2011497768,-8602234.672121653,-8602234.672121653,-8602234.672121653,0.0,0.0,0.0,39071871.22908464,50508651.76,3395232.27
2012-01-20,49621145.91610302,33700289.57350878,42314286.87654588,49621145.91610302,49621145.91610302,-11419613.07627567,-11419613.07627567,-11419613.07627567,-1934181.2011497768,-1934181.2011497768,-1934181.2011497768,-9485431.875125894,-9485431.875125894,-9485431.875125894,0.0,0.0,0.0,38201532.83982735,50508651.76,3395232.27
2012-01-27,49634004.729849964,37993456.95724948,46803495.115628906,49634004.729849964,49634004.729849964,-7136246.8661216535,-7136246.8661216535,-7136246.8661216535,-1934181.2011497768,-1934181.2011497768,-1934181.2011497768,-5202065.664971877,-5202065.664971877,-5202065.664971877,0.0,0.0,0.0,42497757.863728315,50508651.76,3395232.27
2012-02-03,49646863.543596916,42823708.483832166,51793099.25894957,49646863.543596916,49646863.543596916,-2313134.18779662,-2313134.18779662,-2313134.18779662,-1934181.2011497768,-1934181.2011497768,-1934181.2011497768,-378952.9866468435,-378952.9866468435,-378952.9866468435,0.0,0.0,0.0,47333729.35580029,50508651.76,3395232.27
2012-02-10,49659722.36157634,45009365.00914658,53588376.378034584,49659722.36157634,49659722.36157634,-416593.24972685886,-416593.24972685886,-416593.24972685886,-1934181.2011497768,-1934181.2011497768,-1934181.2011497768,1517587.9514229181,1517587.9514229181,1517587.9514229181,0.0,0.0,0.0,49243129.11184948,50508651.76,3395232.27
2012-02-17,49672581.17955578,43983258.46167631,52863224.780685015,49672581.17955578,49672581.17955578,-1327072.11571369,-1327072.11571369,-1327072.11571369,-1934181.201149777,-1934181.201149777,-1934181.201149777,607109.0854360871,607109.0854360871,607109.0854360871,0.0,0.0,0.0,48345509.06384209,50508651.76,3395232.27
2012-02-24,49685439.997535214,42643133.69253414,51334234.65791931,49685439.997535214,49685439.997535214,-2796713.879711347,-2796713.879711347,-2796713.879711347,-1934181.2011497768,-1934181.2011497768,-1934181.2011497768,-862532.6785615704,-862532.6785615704,-862532.6785615704,0.0,0.0,0.0,46888726.11782387,50508651.76,3395232.27
2012-03-02,49698298.815514654,41697103.24558529,51048780.91562691,49698298.815514654,49698298.815514654,-3371242.6728165937,-3371242.6728165937,-3371242.6728165937,-1934181.2011497768,-1934181.2011497768,-1934181.2011497768,-1437061.471666817,-1437061.471666817,-1437061.471666817,0.0,0.0,0.0,46327056.14269806,50508651.76,3395232.27
2012-03-09,49711157.633978285,41777175.848905645,50536209.453714326,49711157.633978285,49711157.633978285,-3398863.3139091134,-3398863.3139091134,-3398863.3139091134,-1934181.2011497768,-1934181.2011497768,-1934181.2011497768,-1464682.1127593364,-1464682.1127593364,-1464682.1127593364,0.0,0.0,0.0,46312294.32006917,50508651.76,3395232.27
2012-03-16,49724016.452441916,41892677.53231688,50407213.272075474,49724016.452441916,49724016.452441916,-3655420.901098351,-3655420.901098351,-3655420.901098351,-1934181.2011497768,-1934181.2011497768,-1934181.2011497768,-1721239.699948574,-1721239.699948574,-1721239.699948574,0.0,0.0,0.0,46068595.55134357,50508651.76,3395232.27
2012-03-23,49736875.27090555,41202290.97729969,50159336.563429885,49736875.27090555,49736875.27090555,-3951785.41798894,-3951785.41798894,-3951785.41798894,-1934181.2011497768,-1934181.2011497768,-1934181.2011497768,-2017604.216839163,-2017604.216839163,-2017604.216839163,0.0,0.0,0.0,45785089.852916606,50508651.76,3395232.27
2012-03-30,49749734.08936918,41983393.05598034,50425369.35914606,49749734.08936918,49749734.08936918,-3558340.653107452,-3558340.653107452,-3558340.653107452,-1934181.2011497773,-1934181.2011497773,-1934181.2011497773,-1624159.4519576752,-1624159.4519576752,-1624159.4519576752,0.0,0.0,0.0,46191393.43626173,50508651.76,3395232.27
2012-04-06,49762592.90783281,43152384.38580977,51681846.41964031,49762592.90783281,49762592.90783281,-2559822.431125734,-2559822.431125734,-2559822.431125734,-1934181.2011497768,-1934181.2011497768,-1934181.2011497768,-625641.2299759574,-625641.2299759574,-625641.2299759574,0.0,0.0,0.0,47202770.47670707,50508651.76,3395232.27
2012-04-13,49775451.73325893,43444859.3340375,52379034.95710498,49775451.73325893,49775451.73325893,-2051927.9344125548,-2051927.9344125548,-2051927.9344125548,-1934181.2011497773,-1934181.2011497773,-1934181.2011497773,-117746.73326277778,-117746.73326277778,-117746.73326277778,0.0,0.0,0.0,47723523.79884638,50508651.76,3395232.27
2012-04-20,49788310.55868506,42232863.31720544,51476937.33180087,49788310.55868506,49788310.55868506,-2801371.0805794597,-2801371.0805794597,-2801371.0805794597,-1934181.2011497768,-1934181.2011497768,-1934181.2011497768,-867189.8794296825,-867189.8794296825,-867189.8794296825,0.0,0.0,0.0,46986939.4781056,50508651.76,3395232.27
2012-04-27,49801169.38411118,41254516.32307059,50425269.97703205,49801169.38411118,49801169.38411118,-4149985.8400494456,-4149985.8400494456,-4149985.8400494456,-1934181.2011497768,-1934181.2011497768,-1934181.2011497768,-2215804.638899669,-2215804.638899669,-2215804.638899669,0.0,0.0,0.0,45651183.544061735,50508651.76,3395232.27
2012-05-04,49814028.20953731,40655582.99463582,49798897.70292918,49814028.20953731,49814028.20953731,-4668279.7957783975,-4668279.7957783975,-4668279.7957783975,-1934181.2011497773,-1934181.2011497773,-1934181.2011497773,-2734098.59462862,-2734098.59462862,-2734098.59462862,0.0,0.0,0.0,45145748.41375892,50508651.76,3395232.27
2012-05-11,49826887.03496344,41318257.13208938,50645753.875783436,49826887.03496344,49826887.03496344,-3787368.5640449408,-3787368.5640449408,-3787368.5640449408,-1934181.2011497768,-1934181.2011497768,-1934181.2011497768,-1853187.362895164,-1853187.362895164,-1853187.362895164,0.0,0.0,0.0,46039518.4709185,50508651.76,3395232.27
2012-05-18,49839745.86038956,42883856.69799584,51662556.88973752,49839745.86038956,49839745.86038956,-2383025.650783361,-2383025.650783361,-2383025.650783361,-1934181.2011497768,-1934181.2011497768,-1934181.2011497768,-448844.4496335843,-448844.4496335843,-448844.4496335843,0.0,0.0,0.0,47456720.2096062,50508651.76,3395232.27
2012-05-25,49852604.68581569,43643888.03704087,52927026.56390579,49852604.68581569,49852604.68581569,-1647777.2470798274,-1647777.2470798274,-1647777.2470798274,-1934181.2011497773,-1934181.2011497773,-1934181.2011497773,286403.95406995015,286403.95406995015,286403.95406995015,0.0,0.0,0.0,48204827.438735865,50508651.76,3395232.27
2012-06-01,49865463.511241816,43646794.11587771,52715408.179386765,49865463.511241816,49865463.511241816,-1736229.7225217402,-1736229.7225217402,-1736229.7225217402,-1934181.2011497768,-1934181.2011497768,-1934181.2011497768,197951.47862803668,197951.47862803668,197951.47862803668,0.0,0.0,0.0,48129233.78872008,50508651.76,3395232.27
2012-06-08,49878322.33666795,43859542.89410594,52597564.11445303,49878322.33666795,49878322.33666795,-1840527.1963582223,-1840527.1963582223,-1840527.1963582223,-1934181.2011497768,-1934181.2011497768,-1934181.2011497768,93654.00479155465,93654.00479155465,93654.00479155465,0.0,0.0,0.0,48037795.14030973,50508651.76,3395232.27
2012-06-15,49891181.162094064,43948703.13627247,52854150.463177405,49891181.162094064,49891181.162094064,-1435569.056266239,-1435569.056266239,-1435569.056266239,-1934181.2011497773,-1934181.2011497773,-1934181.2011497773,498612.1448835384,498612.1448835384,498612.1448835384,0.0,0.0,0.0,48455612.10582782,50508651.76,3395232.27
2012-06-22,49904039.987520196,44700139.889262885,53663915.462937586,49904039.987520196,49904039.987520196,-989014.5290382106,-989014.5290382106,-989014.5290382106,-1934181.201149777,-1934181.201149777,-1934181.201149777,945166.6721115664,945166.6721115664,945166.6721115664,0.0,0.0,0.0,48915025.45848198,50508651.76,3395232.27
2012-06-29,49916898.81294632,44112424.65866282,52806185.87834861,49916898.81294632,49916898.81294632,-1270523.2740121605,-1270523.2740121605,-1270523.2740121605,-1934181.2011497768,-1934181.2011497768,-1934181.2011497768,663657.9271376164,663657.9271376164,663657.9271376164,0.0,0.0,0.0,48646375.53893416,50508651.76,3395232.27
2012-07-06,49929757.63837245,43523568.495816976,51999109.00673019,49929757.63837245,49929757.63837245,-2281888.1761114597,-2281888.1761114597,-2281888.1761114597,-1934181.2011497768,-1934181.2011497768,-1934181.2011497768,-347706.9749616827,-347706.9749616827,-347706.9749616827,0.0,0.0,0.0,47647869.46226099,50508651.76,3395232.27
2012-07-13,49942616.46379857,42591356.25407122,50925477.16668657,49942616.46379857,49942616.46379857,-3243456.2713319506,-3243456.2713319506,-3243456.2713319506,-1934181.2011497773,-1934181.2011497773,-1934181.2011497773,-1309275.0701821733,-1309275.0701821733,-1309275.0701821733,0.0,0.0,0.0,46699160.19246662,50508651.76,3395232.27
2012-07-20,49955475.2892247,42368030.511422165,50523759.322247386,49955475.2892247,49955475.2892247,-3567304.5831705057,-3567304.5831705057,-3567304.5831705057,-1934181.2011497768,-1934181.2011497768,-1934181.2011497768,-1633123.3820207291,-1633123.3820207291,-1633123.3820207291,0.0,0.0,0.0,46388170.706054196,50508651.76,3395232.27
2012-07-27,49968334.11465082,42121539.65289425,51280167.969414,49968334.11465082,49968334.11465082,-3443587.1296573067,-3443587.1296573067,-3443587.1296573067,-1934181.2011497768,-1934181.2011497768,-1934181.2011497768,-1509405.92850753,-1509405.92850753,-1509405.92850753,0.0,0.0,0.0,46524746.98499352,50508651.76,3395232.27
2012-08-03,49981192.940076955,42171856.45343324,51279790.321878225,49981192.940076955,49981192.940076955,-3312531.5196685656,-3312531.5196685656,-3312531.5196685656,-1934181.2011497768,-1934181.2011497768,-1934181.2011497768,-1378350.3185187888,-1378350.3185187888,-1378350.3185187888,0.0,0.0,0.0,46668661.42040839,50508651.76,3395232.27
2012-08-10,49994051.765503086,42244015.987507515,51500100.14298265,49994051.765503086,49994051.765503086,-3116858.5599379214,-3116858.5599379214,-3116858.5599379214,-1934181.2011497773,-1934181.2011497773,-1934181.2011497773,-1182677.3587881443,-1182677.3587881443,-1182677.3587881443,0.0,0.0,0.0,46877193.20556516,50508651.76,3395232.27
2012-08-17,50006910.5909292,43037785.85451713,51827621.08671407,50006910.5909292,50006910.5909292,-2517908.2336743693,-2517908.2336743693,-2517908.2336743693,-1934181.2011497773,-1934181.2011497773,-1934181.2011497773,-583727.032524592,-583727.032524592,-583727.032524592,0.0,0.0,0.0,47489002.35725483,50508651.76,3395232.27
2012-08-24,50019769.416355334,43633497.19709236,52375222.92115964,50019769.416355334,50019769.416355334,-1783357.3186157192,-1783357.3186157192,-1783357.3186157192,-1934181.2011497768,-1934181.2011497768,-1934181.2011497768,150823.8825340578,150823.8825340578,150823.8825340578,0.0,0.0,0.0,48236412.097739615,50508651.76,3395232.27
2012-08-31,50032628.24178146,43901882.29008957,52636360.16510777,50032628.24178146,50032628.24178146,-1909768.7617920693,-1909768.7617920693,-1909768.7617920693,-1934181.2011497773,-1934181.2011497773,-1934181.2011497773,24412.439357707746,24412.439357707746,24412.439357707746,0.0,0.0,0.0,48122859.47998939,50508651.76,3395232.27
2012-09-07,50045487.06720759,42384246.78834035,51059823.062087156,50045487.06720759,50045487.06720759,-3475703.437482377,-3475703.437482377,-3475703.437482377,-1934181.2011497773,-1934181.2011497773,-1934181.2011497773,-1541522.2363326,-1541522.2363326,-1541522.2363326,0.0,0.0,0.0,46569783.62972521,50508651.76,3395232.27
2012-09-14,50058345.89263371,40221619.86340866,49052677.63194928,50058345.89263371,50058345.89263371,-5603268.847686412,-5603268.847686412,-5603268.847686412,-1934181.2011497768,-1934181.2011497768,-1934181.2011497768,-3669087.6465366343,-3669087.6465366343,-3669087.6465366343,0.0,0.0,0.0,44455077.0449473,50508651.76,3395232.27
2012-09-21,50071204.71805984,38894362.110079825,47917888.31825936,50071204.71805984,50071204.71805984,-6598486.27364713,-6598486.27364713,-6598486.27364713,-1934181.2011497773,-1934181.2011497773,-1934181.2011497773,-4664305.072497352,-4664305.072497352,-4664305.072497352,0.0,0.0,0.0,43472718.44441271,50508651.76,3395232.27
2012-09-28,50084063.54348596,40268919.441724494,48649436.31132925,50084063.54348596,50084063.54348596,-5794918.739650753,-5794918.739650753,-5794918.739650753,-1934181.2011497773,-1934181.2011497773,-1934181.2011497773,-3860737.5385009763,-3860737.5385009763,-3860737.5385009763,0.0,0.0,0.0,44289144.803835206,50508651.76,3395232.27
2012-10-05,50096922.36891209,41083486.08959263,50235743.80917598,50096922.36891209,50096922.36891209,-4386021.232353437,-4386021.232353437,-4386021.232353437,-1934181.2011497768,-1934181.2011497768,-1934181.2011497768,-2451840.0312036597,-2451840.0312036597,-2451840.0312036597,0.0,0.0,0.0,45710901.13655866,50508651.76,3395232.27
2012-10-12,50109781.19433822,41400740.02284757,50535421.46884013,50109781.19433822,50109781.19433822,-4044746.1940605617,-4044746.1940605617,-4044746.1940605617,-1934181.2011497773,-1934181.2011497773,-1934181.2011497773,-2110564.992910785,-2110564.992910785,-2110564.992910785,0.0,0.0,0.0,46065035.00027765,50508651.76,3395232.27
2012-10-19,50122640.01976434,40645778.28240303,49650650.5874004,50122640.01976434,50122640.01976434,-4870434.048659565,-4870434.048659565,-4870434.048659565,-1934181.2011497773,-1934181.2011497773,-1934181.2011497773,-2936252.847509788,-2936252.847509788,-2936252.847509788,0.0,0.0,0.0,45252205.97110478,50508651.76,3395232.27
2012-10-26,50135498.84519047,40298793.6991829,49547734.22894494,50135498.84519047,50135498.84519047,-5208090.712792494,-5208090.712792494,-5208090.712792494,-1934181.2011497768,-1934181.2011497768,-1934181.2011497768,-3273909.5116427173,-3273909.5116427173,-3273909.5116427173,0.0,0.0,0.0,44927408.13239798,50508651.76,3395232.27
2012-10-28,50139172.795312226,43170251.73833821,51981283.14247048,50139172.795312226,50139172.795312226,-2717759.29543076,-2717759.29543076,-2717759.29543076,322363.66920886084,322363.66920886084,322363.66920886084,-3040122.9646396204,-3040122.9646396204,-3040122.9646396204,0.0,0.0,0.0,47421413.49988147,50508651.76,3395232.27
2012-11-04,50152031.62073834,44941980.61511237,54311645.89447152,50151862.13039087,50152242.07308455,-646806.9840049129,-646806.9840049129,-646806.9840049129,322363.6692097412,322363.6692097412,322363.6692097412,-969170.653214654,-969170.653214654,-969170.653214654,0.0,0.0,0.0,49505224.63673343,50508651.76,3395232.27
2012-11-11,50164890.446164474,47910658.1219851,56979342.841362596,50164381.961932,50165426.10042192,2261351.9377045436,2261351.9377045436,2261351.9377045436,322363.66921062185,322363.66921062185,322363.66921062185,1938988.2684939215,1938988.2684939215,1938988.2684939215,0.0,0.0,0.0,52426242.383869015,50508651.76,3395232.27
2012-11-18,50177749.2715906,49791512.51031743,58705789.765592456,50176709.740812056,50178939.36709063,4408959.062754692,4408959.062754692,4408959.062754692,322363.6692115022,322363.6692115022,322363.6692115022,4086595.393543189,4086595.393543189,4086595.393543189,0.0,0.0,0.0,54586708.33434529,50508651.76,3395232.27
2012-11-25,50190608.09701673,52048472.703312494,60550425.616121896,50188754.017088115,50192372.6713332,5946891.825769421,5946891.825769421,5946891.825769421,322363.66920858953,322363.66920858953,322363.66920858953,5624528.156560831,5624528.156560831,5624528.156560831,0.0,0.0,0.0,56137499.92278615,50508651.76,3395232.27
2012-12-02,50203466.922442846,54090476.02304782,63129312.6332255,50200795.41952683,50205877.51924573,8640481.39682148,8640481.39682148,8640481.39682148,322363.66920947,322363.66920947,322363.66920947,8318117.72761201,8318117.72761201,8318117.72761201,0.0,0.0,0.0,58843948.31926432,50508651.76,3395232.27
2012-12-09,50216325.74786898,59009045.382180996,67586081.39535902,50212836.95336903,50219478.171501845,13115016.814439151,13115016.814439151,13115016.814439151,322363.669206683,322363.669206683,322363.669206683,12792653.145232467,12792653.145232467,12792653.145232467,0.0,0.0,0.0,63331342.56230813,50508651.76,3395232.27
2012-12-16,50229184.5732951,62436559.711813,71008822.58721134,50224822.64840505,50233132.43743602,16801184.101800993,16801184.101800993,16801184.101800993,322363.66921110556,322363.66921110556,322363.66921110556,16478820.432589889,16478820.432589889,16478820.432589889,0.0,0.0,0.0,67030368.675096095,50508651.76,3395232.27
2012-12-23,50242043.39872123,61240825.62402742,70063802.95524909,50236895.02821333,50247206.25941427,15616465.728881372,15616465.728881372,15616465.728881372,322363.6692083185,322363.6692083185,322363.6692083185,15294102.059673054,15294102.059673054,15294102.059673054,0.0,0.0,0.0,65858509.12760261,50508651.76,3395232.27
2012-12-30,50254902.224147364,54230699.41242027,62979911.16668395,50248647.08625366,50261027.83795436,8187162.105280364,8187162.105280364,8187162.105280364,322363.66920919897,322363.66920919897,322363.66920919897,7864798.436071166,7864798.436071166,7864798.436071166,0.0,0.0,0.0,58442064.32942773,50508651.76,3395232.27
2013-01-06,50267761.04957348,43721699.32682842,52739902.033583164,50260332.30389483,50275042.338597655,-1911769.830412242,-1911769.830412242,-1911769.830412242,322363.66921007953,322363.66921007953,322363.66921007953,-2234133.499622321,-2234133.499622321,-2234133.499622321,0.0,0.0,0.0,48355991.21916124,50508651.76,3395232.27
2013-01-13,50280619.87499961,37421000.49494439,45903408.46967854,50271856.280814104,50289368.216090634,-8706974.6648601,-8706974.6648601,-8706974.6648601,322363.66921083437,322363.66921083437,322363.66921083437,-9029338.334070934,-9029338.334070934,-9029338.334070934,0.0,0.0,0.0,41573645.21013951,50508651.76,3395232.27
